{
  "Linear Regression": {
    "rmse": 232.45312199596438,
    "r2": 0.6999359762485587
  },
  "Ridge": {
    "rmse": 232.46364481794782,
    "r2": 0.699908808691103
  },
  "Lasso": {
    "rmse": 232.42243629292182,
    "r2": 0.7000151928037377
  },
  "Random Forest": {
    "rmse": 265.4030037587064,
    "r2": 0.6088396469478223
  },
  "Gradient Boosting": {
    "rmse": 250.63640262366778,
    "r2": 0.6511558383692327
  },
  "XGBoost": {
    "rmse": 266.5829480583971,
    "r2": 0.6053538279505677
  },
  "LightGBM": {
    "rmse": 269.0445395613227,
    "r2": 0.5980319581434541
  }
}